farm_id,ano,sistema,area_ha,chuva_mm,produtividade_sacas_ha,producao_total_sacas,preco_saca_Reais,receita_total_RSha,custo_total_RSha,custo_por_saca_Reais,rentabilidade_RSha,margem_liquida,C_organico_gkg,erosao_ton_ha,infiltracao_mm_h,biodiversidade_indice,irrigacao_mm,agua_pulverizacao_Lha,agua_total_m3ha,produtividade_hidrica_kg_m3,diesel_Lha,diesel_por_saca_L,N_kg_ha,herbicida_Lha,GHG_diesel_kgCO2e_ha,GHG_N_total_kgCO2e_ha,GHG_total_kgCO2e_ha,GHG_kgCO2e_saca,CI_ha_tCO2e,CI_saca_tCO2e
1,2022,convencional,28.767857660247905,1100,32.31993941811405,929.7754167681406,1200,38783.92730173686,9664.885281600844,299.0378526571141,29119.042020136018,0.7508017894524049,12.993292420985183,4.832290311184182,10.205844942958024,4.909729556485983,331.2037280884873,640.4460046972836,3312.6777268895707,0.5853863626232202,66.2397808134481,2.0495020104005306,152.90418060840997,6.46470458309974,177.52261258004094,1679.324772167794,1856.847384747835,57.45206885218185,1.8568473847478348,0.057452068852181855
1,2023,convencional,18.427663545463695,950,30.868411180208792,568.8326954119175,1800,55563.14012437582,10132.704602585152,328.2548150415241,45430.43552179067,0.81763621386582,13.727197370921651,4.2831132186756475,13.560967258978462,4.959545746378939,386.3319092459359,658.3668965326406,3863.9774593558914,0.47932595112013554,65.10321211182256,2.109056139357225,164.18879528993622,4.45232918559454,174.47660845968446,1803.2620831271852,1977.7386915868697,64.0699866294023,1.9777386915868698,0.06406998662940229
1,2024,convencional,28.405306156092244,1200,25.519712836514724,724.895256136758,1500,38279.56925477209,10732.318007722817,420.5501087130787,27547.251247049273,0.7196332608579475,12.706481676505351,5.2593004549860485,10.80114846384675,4.684449968181583,441.81210389018327,535.7800770171225,4418.6568189788495,0.3465267462307108,94.83876494984342,3.716294362613045,185.70434660662139,6.206912332279167,254.1678900655804,2039.56430958815,2293.7321996537303,89.88079977027633,2.2937321996537303,0.08988079977027633
2,2022,convencional,9.545624180177516,1100,26.83404509853434,256.14770974454336,1200,32200.85411824121,9570.351922786027,356.64961759003506,22630.50219545518,0.7027919853416374,11.521211214797688,3.1685785941408726,13.663618432936918,3.3682099526511076,404.9512863264476,455.7975442608167,4049.968660808737,0.39754448509499124,77.27780074568463,2.879841651227809,164.56145700990209,5.447411578889518,207.10450599843483,1807.3549735601816,2014.4594795586165,75.07103279291445,2.0144594795586164,0.07507103279291445
2,2023,convencional,7.544561815510093,950,26.52859139184332,200.14659763417086,1800,47751.46450531798,10961.232957198934,413.1856379140114,36790.231548119045,0.7704524233811049,11.229788641922541,2.320934982646569,15.245113895702547,3.2311904809689844,332.13627465191115,758.7061698505701,3322.121452688962,0.47912621684022033,67.46268096205223,2.5430178318022123,164.25475843469235,3.6934943811790193,180.7999849783,1803.9865469227352,1984.7865319010352,74.8168835120018,1.9847865319010352,0.07481688351200179
2,2024,regenerativo,16.307957112957503,1200,34.43577695196525,561.5771736840197,1500,51653.665427947875,9055.074068579812,262.95541643247395,42598.59135936806,0.8246963890450173,20.26402660936113,2.6794589164805043,23.288209810370667,8.415528395366959,346.3179043510664,305.8406380396159,3463.4848841487033,0.5965513597515691,42.44889946091769,1.2326975958791349,123.0176041995282,1.117758085025366,113.76305055525941,1351.084772979961,1464.8478235352204,42.538544304621,1.4648478235352205,0.042538544304621
3,2022,convencional,17.85586096034029,1100,30.924145688620424,552.1772457333129,1200,37108.97482634451,9368.466053024315,302.94987442358854,27740.508773320194,0.7475417713136763,10.232252063599988,5.233589392465845,13.046137691733707,2.2930163420191514,421.5089703802877,786.2528132298237,4215.875956616107,0.44010989896545966,66.82096494749166,2.1608022941141645,153.25257964926396,6.7955421490133325,179.08018605927765,1683.1511890622019,1862.2313751214795,60.21933132357315,1.8622313751214794,0.06021933132357315
3,2023,convencional,14.946389976143541,950,34.69470433275369,518.5605810643336,1800,62450.46779895664,10492.884453022261,302.4347563935401,51957.58334593438,0.8319806908924777,14.327535629469901,4.22705157205572,15.716126894698998,2.8399372809808527,463.41441418985596,771.7503956510343,4634.915892294211,0.4491305362037155,70.3161130817976,2.0267102554730627,158.5443793695033,5.674572879697724,188.44718305921756,1741.270269418202,1929.7174524774196,55.619942281959766,1.9297174524774197,0.05561994228195977
3,2024,convencional,24.742462678561978,1200,31.58707775500876,781.5420924781395,1500,47380.61663251314,9610.388245190854,304.2506280489,37770.22838732229,0.7971662479674001,12.490978582265695,4.6013027453877475,11.995424509291452,4.040684727293874,411.07271018752624,789.9172648587132,4111.517019140121,0.4609550821455413,88.76807113089055,2.8102653819191805,161.42273706656493,6.985335664226968,237.8984306307867,1772.882860811073,2010.7812914418596,63.65835127382147,2.0107812914418597,0.06365835127382147
4,2022,convencional,8.05095587111947,1100,29.951769101112703,241.14037129501804,1200,35942.12292133524,9550.26564672223,318.8548100274798,26391.857274613012,0.7342876583104335,10.171942605576092,4.186841117373119,11.84854455525527,4.9087538832936755,481.8640804157564,608.0272084711244,4819.248831366035,0.3729017133065041,70.35119926400068,2.3488161592894743,183.1261142176991,4.246844304357644,188.54121402752185,2011.2479515795294,2199.7891656070515,73.44438180532481,2.1997891656070516,0.07344438180532481
4,2023,convencional,13.091980910106091,950,29.25436438616417,382.9975800809488,1800,52657.855895095505,8914.01178100934,304.7070742451412,43743.84411408617,0.8307182920860328,12.538051893422274,2.6174508610968092,14.811401018548175,3.5977682976547576,348.48194648301603,632.4952885690449,3485.451960118729,0.5035966305816072,64.59347298956814,2.2079944085237955,180.53100212208165,4.154522212961023,173.11050761204262,1982.7462061636622,2155.856713775705,73.69350724281385,2.1558567137757048,0.07369350724281386
4,2024,convencional,11.442072212780342,1200,29.626229567393164,338.9854581025207,1500,44439.34435108975,10805.673964230848,364.7333502108432,33633.6703868589,0.7568444331927713,14.341362527041902,5.950598254944231,10.401091914124825,4.6010944883673455,445.4338139532616,548.4155051938411,4454.88655503781,0.39901661963387597,89.70826084799924,3.028001273126324,171.27466672240377,4.383739970187852,240.41813907263798,1881.0851968026286,2121.5033358752667,71.6089548637741,2.121503335875267,0.0716089548637741
5,2022,regenerativo,27.37068376069122,1100,33.978999788110855,930.0284577049763,1200,40774.79974573303,7561.869019374762,222.54536821359397,33212.93072635827,0.8145455264886717,24.218742350231167,1.1783725794347397,32.43106263727894,6.248636643427562,217.6985004103839,386.0370513913187,2177.37104115523,0.9363309921697928,45.87948587257436,1.3502306176954462,122.26136444552691,1.313325826908161,122.95702213849928,1342.7790997960155,1465.7361219345148,43.136529358564914,1.4657361219345149,0.043136529358564914
5,2023,convencional,8.360366923474356,950,25.633749704727677,214.3075531560258,1800,46140.74946850982,9567.51018639459,373.238808079258,36573.23928211523,0.7926451066226344,14.949801161949726,4.382554962431377,14.715761885501584,3.2355227424418054,364.4707689949446,704.0911439558746,3645.4117810934017,0.4219070641787268,92.3949778341854,3.6044269331827343,162.7320327381882,5.726010888895717,247.61854059561688,1787.2626681302725,2034.8812087258893,79.38289295032762,2.0348812087258894,0.07938289295032762
5,2024,convencional,23.131441510378412,1200,29.866689414247027,690.8595792942932,1500,44800.03412137054,11170.146732900062,374.0001637935697,33629.88738847048,0.7506665574709536,14.367116190408304,2.8426487560226663,16.229665835634826,3.8946806602775617,480.1403728022517,764.9453382466763,4802.168673360763,0.37316501912888916,76.86883707493821,2.5737314239545475,163.8413898617526,5.369401314373449,206.00848336083442,1799.4465789387912,2005.4550622996255,67.14688174789744,2.0054550622996254,0.06714688174789744
6,2022,regenerativo,8.523105624369066,1100,36.0219698075404,307.01905346750027,1200,43226.36376904848,7148.08930346818,198.43693561621626,36078.2744655803,0.8346358869864865,15.745506436797708,2.267143359619043,30.93510752061481,7.69944621340081,397.3773873201035,535.4114999591919,3974.309284700994,0.5438223433622456,63.16734307889972,1.7535782583904402,129.93578407670861,0.513805292809006,169.28847945145125,1427.0661542596226,1596.3546337110738,44.316139351627356,1.596354633711074,0.04431613935162736
6,2023,regenerativo,25.765485194693227,950,37.65026910666513,970.0774512439962,1800,67770.48439199723,9449.58808609176,250.98328140286586,58320.89630590547,0.8605648436650746,16.242972234855447,1.9361827829497797,32.62743165137408,5.489203318192013,346.1734950407289,509.3922272515207,3462.2443426345408,0.6524716117178906,68.15021370463114,1.8100856998274866,129.061653308283,0.6662406684169437,182.64257272841147,1417.4657009058283,1600.1082736342398,42.49925197349989,1.6001082736342398,0.04249925197349989
6,2024,convencional,22.895624117052215,1200,34.09032520665641,780.5192719596755,1500,51135.48780998462,10654.96895527407,312.55110916904954,40480.51885471055,0.7916325938873003,10.89841554435121,2.988924297612708,18.707499012725116,3.3359157650079965,347.5086649847755,596.9111425792139,3475.6835609903346,0.5884941699976215,98.85580376166558,2.899819909678163,159.0488476354745,6.4175403734783165,264.93355408126376,1746.8107723164683,2011.744326397732,59.012177625249606,2.011744326397732,0.05901217762524961
7,2022,convencional,7.896726488128243,1100,33.63103425875593,265.5750790542663,1200,40357.241110507115,8239.188491876603,244.98766313532292,32118.052618630514,0.7958436140538976,13.11649063413779,4.550229885420853,18.872127425763267,3.4166447754858478,366.17960497052985,691.8424713352256,3662.487892176634,0.5509539184650057,62.54233401144094,1.859661333345937,165.5491160857831,4.300733288106988,167.61345515066174,1818.2022920964293,1985.8157472470912,59.047120940982616,1.9858157472470912,0.05904712094098261
7,2023,convencional,9.091398571642612,950,26.64265797930993,242.21902269786094,1800,47956.78436275788,9817.895528473135,368.5028549365264,38138.88883428474,0.7952761917019298,14.07287360115691,5.266397757886308,14.391349085702185,3.1308332882747227,433.03944413924,556.9780429690542,4330.951419435369,0.36910122602275736,80.92261699076477,3.0373327260969005,167.94152420617513,6.508802163252433,216.8726135352496,1844.4777687101061,2061.350382245356,77.37029780760436,2.061350382245356,0.07737029780760436
7,2024,convencional,19.823771285873185,1200,26.63523872585023,528.0108806458873,1500,39952.85808877534,9997.079093497656,375.3328136606944,29955.778995277687,0.7497781242262037,11.955407683258803,2.5234946428733993,19.698210450785446,3.3613686241509177,493.8824644670575,709.3892502746403,4939.53403392085,0.32353544131418405,70.3253373080451,2.640311882761255,182.8368332270646,4.30076025689878,188.47190398556089,2008.0708197852466,2196.5427237708077,82.46754408245656,2.1965427237708077,0.08246754408245656
8,2022,regenerativo,24.019626215422434,1100,33.61277197569496,807.3662189204192,1200,40335.32637083395,8017.141382329406,238.51473446243932,32318.184988504545,0.8012377212813006,22.70967179954561,0.5785729642168356,29.546156168956706,6.100245933767143,298.75911927287814,287.76199944765654,2987.8789547282295,0.6749826044158265,55.681984881459826,1.6565722375328902,141.37705091792748,0.5635478168602379,149.22771948231235,1552.7239535100377,1701.95167299235,50.634076660592385,1.70195167299235,0.050634076660592386
8,2023,convencional,23.690234504406277,950,30.027203900924793,711.3515019245312,1800,54048.96702166463,9536.792352245591,317.6050751749107,44512.17466941904,0.8235527360139385,11.161063475734087,2.4675921628334563,19.398321236134752,3.883124159214254,479.9149146549137,649.6951983655969,4799.798841747502,0.37535577916001844,75.35564885492846,2.509579283624461,177.17764305569943,6.625888443858187,201.9531389312083,1945.9167425888816,2147.8698815200896,71.53079882519259,2.14786988152009,0.07153079882519259
8,2024,convencional,9.243947627188518,1200,30.197739485560177,279.146322264001,1500,45296.60922834027,11177.90875555491,370.1571357981916,34118.70047278536,0.753228576134539,11.685015882156431,2.6681676316037994,11.676192162883176,2.110014280800629,465.77667317652185,682.7108867541783,4658.449442651971,0.38894151185681836,77.23550094647223,2.5576583632494865,162.4357136293815,5.468579946416121,206.9911425365456,1784.0082376895498,1990.9993802260954,65.9320669077943,1.9909993802260955,0.0659320669077943
9,2022,regenerativo,11.232305728721872,1100,32.1038292303563,360.60002497803976,1200,38524.595076427555,8607.344153798229,268.1095794535131,29917.250922629326,0.7765753504554057,22.555511385430485,2.5203009489110424,29.501056347656352,8.05011206565701,245.75963309832449,575.3941783199006,2458.171725161565,0.7836025994867284,42.30939729486379,1.31789254768579,134.4875726456884,0.903053218135011,113.38918475023497,1477.0577978572178,1590.4469826074528,49.540725226122866,1.5904469826074528,0.049540725226122864
9,2023,convencional,24.8506297317574,950,31.200727559285134,775.3577279372337,1800,56161.30960671324,10477.40910862952,335.80656376429624,45683.90049808372,0.8134407979087243,12.667305459881607,4.975785170290708,10.335324347357794,3.7096690546139497,478.77851661019156,499.3956559257863,4788.284561757841,0.39096332505139514,91.54388844898122,2.93403056948069,157.58374398663756,4.246888271182193,245.33762104326968,1730.7197482418135,1976.057369285083,63.33369520086788,1.9760573692850831,0.06333369520086787
9,2024,regenerativo,16.865771893745347,1200,36.44170448969197,614.6174753424204,1500,54662.55673453796,8352.850755977683,229.21130811376835,46309.705978560276,0.8471924612574877,23.056701529500533,0.6427171402232872,27.967542920015482,8.278119923032365,317.0708728793504,344.4123640309464,3171.0531411575353,0.6895192770510857,66.04813841539776,1.8124327426583564,130.29206050183842,0.7797990484943197,177.009010953266,1430.979087340191,1607.988098293457,44.12494203580126,1.607988098293457,0.04412494203580126
10,2022,convencional,27.313974962249443,1100,30.393422419156508,830.1651789739118,1200,36472.10690298781,9021.49460515513,296.8239140936304,27450.612297832682,0.752646738255308,14.037200775820313,5.272059063689973,18.607305832563434,2.020856391593572,479.21825998469865,570.8431154505025,4792.753442962437,0.38049220909269355,72.72013899887456,2.3926275230209075,155.50259622638384,3.9117406501677667,194.88997251698385,1707.8627996977698,1902.7527722147536,62.60409722780932,1.9027527722147535,0.06260409722780932
10,2023,regenerativo,13.552043717897687,950,36.21257304672013,490.75437306671466,1800,65182.63148409624,9110.524792347655,251.58457479929942,56072.10669174858,0.860230791778167,16.106317369552073,1.0731284880816037,30.833788525895994,7.520127877911261,369.2904583469036,302.47109957207084,3693.207054568608,0.5883110128134965,43.824659869959476,1.210205632541452,139.86436452801837,2.493238414448884,117.4500884514914,1536.1103349877217,1653.560423439213,45.662605120764276,1.6535604234392132,0.045662605120764276
10,2024,convencional,16.30497570708588,1200,34.338750175279046,559.8924874196158,1500,51508.12526291857,11488.287175067251,334.5575222285706,40019.83808785132,0.7769616518476197,11.580780524883753,2.0197599237376385,19.51811785423239,3.917359813446501,401.4469617376785,786.0474785744182,4015.2556648553596,0.5131242397714072,61.662914362015684,1.7957238993050975,157.41716004810445,6.946520491835388,165.25661049020204,1728.89018064261,1894.146791132812,55.16062120677984,1.894146791132812,0.055160621206779836
11,2022,convencional,10.552695261768257,1100,26.19865367333683,276.4664084833291,1200,31438.384408004193,8994.497011784772,343.3190546329007,22443.88739621942,0.713900787805916,11.68807585701814,5.887128330883843,19.62447294942111,2.7553468874760925,488.5819407825038,545.4518409517176,4886.36485966599,0.3216950157315226,72.92811728083021,2.7836589692794553,175.9395310871683,5.812075835580711,195.44735431262498,1932.3187357116424,2127.766090024267,81.21661962308238,2.1277660900242674,0.08121661962308238
11,2023,regenerativo,18.568111083689907,950,30.517990589069527,566.6614393088462,1800,54932.38306032515,8812.955093545826,288.779009477194,46119.42796677932,0.8395672169571144,18.456959935039194,2.8682083490295383,22.3002710467412,7.05180441205879,236.31954336028514,411.7020312754464,2363.6071356341267,0.7746970330807177,67.25351684000884,2.2037334549836545,149.16958973830603,1.5021285419090997,180.2394251312237,1638.308294154424,1818.5477192856476,59.58936627816471,1.8185477192856476,0.05958936627816471
11,2024,convencional,17.889900714481257,1200,29.8884658025692,534.7016857161314,1500,44832.6987038538,11027.340999011298,368.949716986256,33805.3577048425,0.7540335220091626,13.334321287730521,4.693729733299669,19.699120461072702,2.281702147368255,327.93025095126256,480.74138084917934,3279.783250893475,0.5467763601956382,61.19894359490712,2.047577282794036,165.39649707955954,5.818723050946587,164.0131688343511,1816.5260993537909,1980.539268188142,66.26433358174897,1.980539268188142,0.06626433358174898
12,2022,convencional,12.12101235943669,1100,25.368869473545328,307.4963804337791,1200,30442.643368254394,8484.110543023,334.4299812756826,21958.532825231392,0.7213083489369311,13.047821669899484,2.5795794883648924,14.89452760277563,4.956951362331802,400.5358046457723,495.824756266789,4005.85387121399,0.3799769580589897,62.05915004999957,2.446271802325086,163.93232321183058,6.633063543866615,166.31852213399887,1800.4452869322192,1966.763809066218,77.52666357943781,1.966763809066218,0.07752666357943781
12,2023,regenerativo,5.452754595521013,950,36.72123908944151,200.23190519817805,1800,66098.23036099473,9320.177318374392,253.80890050233162,56778.05304262033,0.8589950552764825,24.32118282483612,1.940720900417033,29.100725695742838,6.484457349558351,313.02663671784177,303.3886650199915,3130.5697558434376,0.7037934041411847,60.89952471630677,1.6584278261410101,166.1249690588648,2.2680965857834963,163.21072623970215,1824.5268030350749,1987.737529274777,54.13045906303071,1.987737529274777,0.05413045906303071
12,2024,convencional,26.703556359437634,1200,26.77149789447386,714.8942028516487,1500,40157.24684171079,11637.038921396466,434.6801575043199,28520.207920314322,0.7102132283304534,13.463129761130823,5.475619937914873,15.706097466388297,2.0911611790905105,467.62305792962206,647.1388960804856,4676.8777181923015,0.3434534684155249,97.78456877896093,3.652562481352435,184.1624014144823,4.98869905603371,262.0626443276153,2022.6293458207713,2284.6919901483866,85.34046167883605,2.2846919901483864,0.08534046167883605
13,2022,regenerativo,24.04049038321794,1100,30.376375439923997,730.2629616405104,1200,36451.650527908794,7081.550283109528,233.12690143413786,29370.100244799265,0.8057275821382184,22.282163486118595,2.588256238973095,24.811700974576038,5.65281478639949,273.55662654385065,281.6014195190429,2735.8478668580256,0.6661856269400601,58.96917491780738,1.941284108580761,151.67648553804474,1.8394367101868963,158.03738877972378,1665.8411725949827,1823.8785613747066,60.04266588625197,1.8238785613747066,0.06004266588625197
13,2023,regenerativo,28.139212822669407,950,32.50839371404132,914.760609242537,1800,58515.108685274376,7820.475605408469,240.5678876108412,50694.633079865904,0.8663511735495326,16.132380458407553,1.7970951428151802,28.86913153617394,6.396509463545456,396.9682397924669,554.4637267217449,3970.2368616513904,0.49128142496545707,65.16694259337802,2.0046189660004803,126.23313406016334,2.802104706543431,174.64740615025312,1386.400478077908,1561.0478842281611,48.01984059747311,1.5610478842281612,0.048019840597473114
13,2024,regenerativo,21.912834644431165,1200,30.15675152397717,660.8199095581093,1500,45235.127285965755,10314.978142795931,342.04540016833874,34920.14914316982,0.7719697332211075,21.58885470232657,0.6205300971513901,34.65761276331976,6.424177862530048,278.7728811308317,599.7948040197333,2788.3286061123367,0.6489210373096651,59.53698931124477,1.9742507499160784,125.32965151539953,2.1446132615075904,159.55913135413599,1376.4776583577022,1536.0367897118383,50.93508790197641,1.5360367897118383,0.05093508790197641
14,2022,regenerativo,21.93910904605706,1100,28.165878289278563,617.9342751664534,1200,33799.05394713428,7226.947042481178,256.58518325814606,26572.1069046531,0.786179013951545,20.12093058299281,2.8418249718418362,22.0628141621899,6.193732228675905,245.2991550395876,385.3573712051881,2453.376907767081,0.6888271802047771,59.35518371228349,2.107343612816691,128.71832145024956,2.227344345256165,159.07189234891976,1413.694936156455,1572.7668285053749,55.83943849903143,1.5727668285053749,0.05583943849903143
14,2023,convencional,25.071336214950286,950,25.046320230046028,627.944715434795,1800,45083.37641408285,9795.366935491928,391.09006215376996,35288.009478590924,0.7827277432479056,11.667495858455721,4.950004992438993,14.522179408898072,2.6738144688199457,379.6337387181887,538.7812807584911,3796.8761684626456,0.39579358059792524,81.49582411751692,3.2538042861782555,195.99278082063802,4.385383977463845,218.40880863494536,2152.5607127843787,2370.969521419324,94.66338766103713,2.370969521419324,0.09466338766103713
14,2024,regenerativo,19.175406524666695,1200,35.38449209251326,678.5120205427959,1500,53076.73813876989,8543.693370674635,241.45304525883898,44533.04476809526,0.839031303160774,23.78515561301348,2.494534122146586,26.533749722193996,7.862419756612576,280.8280643302066,516.7997971718155,2808.7974430992376,0.7558642332030155,49.81099484689716,1.4077069332142906,153.37966927817922,2.5196148548531463,133.4934661896844,1684.5469963009168,1818.0404624906012,51.37958339877561,1.8180404624906013,0.05137958339877561
15,2022,regenerativo,26.933483834524527,1100,30.579416277151555,823.6102139698576,1200,36695.29953258186,7678.059582097401,251.08587791567243,29017.23995048446,0.7907617684036063,21.599840460341788,2.7430393948833167,33.506270857449955,7.215855100456437,363.4444400402432,282.5859687320647,3634.726986371164,0.5047875627272035,56.65602434798387,1.8527503545028863,146.48252891780032,1.1046307272511293,151.8381452525968,1608.7966890286411,1760.634834281238,57.57581565076361,1.760634834281238,0.05757581565076361
15,2023,convencional,9.409674662655583,950,29.9836777273948,282.13665260469736,1800,53970.61990931064,9127.05800105685,304.40088384213954,44843.56190825379,0.830888397865478,12.09462724752274,4.654149488066842,11.780359668697514,4.883210952408366,482.96918021362,405.2377826353335,4830.097039918836,0.3724605631678816,74.49575596466532,2.4845436454448597,179.02941751390216,5.5290571516781215,199.64862598530308,1966.254516924114,2165.903142909417,72.2360733263393,2.165903142909417,0.0722360733263393
15,2024,regenerativo,5.143966512453039,1200,31.245858299002702,160.72764874292278,1500,46868.78744850405,9684.13868038005,309.93351463445464,37184.648768124,0.7933776569103635,18.66461534871398,1.4331294790733502,23.409044408947274,5.256185733189553,279.23453832185106,333.1404458060146,2792.6785236643163,0.671309455081952,60.864016200695865,1.9479066831279366,139.4279050635173,1.6217340565563267,163.11556341786493,1531.3167630404585,1694.4323264583234,54.229021659245184,1.6944323264583234,0.05422902165924518
16,2022,convencional,23.148891971755983,1100,33.97110259952577,786.3933842378609,1200,40765.32311943093,9327.003538216111,274.5569859232745,31438.319581214815,0.7712025117306046,14.435432121325587,4.42571623863836,10.091970516166297,2.304414628598096,455.97510917152476,759.4216754108318,4560.510513390658,0.44693815527598285,85.68126584617151,2.5221808916902098,154.20699824975244,3.646514856378455,229.62579246773967,1693.6334322058524,1923.2592246735921,56.6145658369193,1.9232592246735922,0.056614565836919296
16,2023,convencional,7.1337417019660965,950,34.96874251845947,249.45797676924929,1800,62943.73653322705,9838.547279241999,281.3526186721864,53105.18925398505,0.8436929896265631,12.510975051656214,2.8205585619280287,11.906877206636665,2.1096490035442845,419.0770034640087,759.2217157762855,4191.529256355863,0.500563021939083,62.6830590955371,1.7925454157365726,187.4980235199589,3.839622372382343,167.99059837603943,2059.264006887777,2227.2546052638168,63.692727986660735,2.2272546052638167,0.06369272798666073
16,2024,regenerativo,20.487258650240364,1200,32.63494043800572,668.6004657886117,1500,48952.41065700858,9519.302010275433,291.690497439656,39433.10864673315,0.8055396683735627,18.797857801792297,1.4504890469646425,25.982341713453508,7.0306032922956625,372.6667299143651,369.4367396691547,3727.03673588332,0.5253762077062726,55.57245355408654,1.7028513859142347,143.95909388148655,0.5641051645160893,148.93417552495194,1581.0821625155265,1730.0163380404786,53.01116885219594,1.7300163380404785,0.053011168852195936
17,2022,convencional,9.020201285437466,1100,30.48733789366586,275.00192445801116,1200,36584.80547239903,9315.225784600687,305.5440857804789,27269.57968779834,0.7453799285162676,13.459475988463467,4.985965620472097,16.496328990472147,4.547670231482534,430.39225190052014,530.1598792637071,4304.452678884466,0.424964661034214,68.9707723784224,2.262275985492061,185.6089610673768,3.9489963499872003,184.84166997417202,2038.5167038371326,2223.358373811305,72.92727169443143,2.2233583738113047,0.07292727169443143
17,2023,regenerativo,6.64271598570881,950,35.755276166950104,237.51214456763267,1800,64359.49710051018,8521.280495815457,238.32232356498997,55838.216604694724,0.867598709130561,19.532888347480277,0.9548203262381778,32.92678431520276,8.311404117467715,304.878053865516,304.3340860757494,3049.084872741236,0.7035935894064799,53.222882408146845,1.4885322703042825,140.0381530437663,1.8991008282705448,142.63732485383355,1538.0190294292504,1680.656354283084,47.00442940045239,1.6806563542830841,0.04700442940045239
17,2024,regenerativo,24.122081538553207,1200,36.12985738716094,871.5273658693951,1500,54194.78608074141,8402.231041083363,232.55644081421616,45792.55503965805,0.8449623727905227,22.181230762264946,2.7450763723749674,23.65223444864449,8.244620906787073,391.10473919098695,476.61614995411105,3911.5240080598237,0.5542063499451495,40.54697748029085,1.1222567818576437,129.78889928417732,0.5189071874453552,108.66589964717949,1425.452939566793,1534.1188392139725,42.46124812435974,1.5341188392139724,0.042461248124359745
18,2022,regenerativo,7.341869195702312,1100,31.677158030594335,232.56955075221467,1200,38012.5896367132,7985.035387637728,252.07549805843206,30027.554249075474,0.7899370849513067,17.652023676817254,2.487028258854121,27.539556396577883,7.019163596192257,248.7979286758167,470.898519099042,2488.4501852772664,0.7637804015851294,69.19031664257336,2.1842337174233935,139.654886233338,2.7301163879427834,185.43004860209663,1533.8096648027179,1719.2397134048144,54.273799175555574,1.7192397134048145,0.054273799175555575
18,2023,convencional,21.099988580975396,950,29.087341710980965,613.7425779526277,1800,52357.21507976574,9029.038880366063,310.4112768392805,43328.17619939968,0.8275492906448442,10.126931778301724,2.9242991863522856,16.718927435987283,2.0591316132630926,331.2305194732381,488.7888647731798,3312.793983597154,0.5268183024058174,88.6388891538959,3.0473355054110436,182.94619709550756,3.108383970013934,237.55222293244103,2009.2719475289457,2246.8241704613865,77.24405319627996,2.2468241704613865,0.07724405319627996
18,2024,regenerativo,13.79056718099086,1200,29.014208284492167,400.1223885505508,1500,43521.31242673825,8903.39264173114,306.8631945573343,34617.919785007114,0.7954245369617772,19.858717591863257,1.278269247890009,29.155006749663777,7.5065273597811775,251.3553135441016,438.70644683633907,2513.9918418878524,0.6924654519810444,48.54618705885768,1.6731866878065111,135.36449824631433,2.5075647445816585,130.1037813177386,1486.6889464538065,1616.792727771545,55.72417182362705,1.616792727771545,0.05572417182362705
19,2022,convencional,23.06130288153763,1100,27.80772362440856,641.2823369485752,1200,33369.26834929027,8856.368296634628,318.48591478594983,24512.900052655645,0.7345950710117085,10.12157983215727,3.4806348010217776,10.154566165288674,4.784955687763176,429.09445918143354,765.9457560881795,4291.710537570424,0.3887642008608171,67.08442717628196,2.412438647707136,197.02292921764572,6.8157143080103495,179.78626483243568,2163.8746854646574,2343.660950297093,84.28093510825593,2.3436609502970933,0.08428093510825593
19,2023,regenerativo,9.46361655135834,950,34.52746107851875,326.7546521390509,1800,62149.42994133374,8344.92500657423,241.6895058572964,53804.50493475951,0.865728052301502,17.381827810467264,1.4929588240461371,30.021277048559693,5.717445033955373,219.88827855186904,540.5769525984471,2199.423362471289,0.9419049101958278,47.29516572998362,1.3697840574616793,156.11334659278296,2.6392411702657146,126.75104415635612,1714.570583721879,1841.3216278782352,53.32919277472774,1.8413216278782352,0.05332919277472774
19,2024,convencional,8.04715233342369,1200,26.811493495346802,215.7561724436541,1500,40217.240243020206,11342.142417469373,423.0328466945651,28875.09782555083,0.7179781022036232,13.405589269824914,3.026251134805455,19.6292687523758,3.4506369401597743,336.2876695391254,626.9248878515614,3363.5036202791052,0.4782779480366126,81.0065353466824,3.021336180348971,185.45231308612165,3.4275076923789753,217.09751472910884,2036.7962614372902,2253.893776166399,84.06446200237103,2.2538937761663993,0.08406446200237103
20,2022,regenerativo,29.09049942723132,1100,36.5300945546736,1062.6786947194385,1200,43836.11346560832,7194.352987541537,196.94318000666394,36641.76047806679,0.8358806833277801,17.944488920695857,2.8403869354019524,30.440446950124596,6.995214095312777,277.01954572038505,444.8804418604226,2770.640337645711,0.791082712360585,65.5341001455057,1.793975650608366,135.84610025781387,0.9237318667152312,175.6313883899553,1491.9783125458187,1667.609700935774,45.65029796021764,1.667609700935774,0.04565029796021764
20,2023,regenerativo,5.325048087768401,950,28.85508530854468,153.65471684465993,1800,51939.15355538043,8535.323297967987,295.79962099229954,43403.83025741244,0.8356668772265002,17.078862551460272,2.5436089043461023,25.12726027546814,5.907982017009523,205.30644077476396,562.4350988769412,2053.6268428465164,0.8430475694956013,45.443063052693915,1.5748719009760521,149.1520780484846,1.5535613764812448,121.7874089812197,1638.1159657667852,1759.9033747480048,60.99109934798409,1.7599033747480048,0.06099109934798409
20,2024,regenerativo,6.085313321370479,1200,34.33151375594022,208.91801800183688,1500,51497.27063391033,10384.054571219305,302.4642212119936,41113.216062691026,0.7983571858586709,24.514033422066568,2.0274524721274796,26.16542704710057,7.939514560033521,320.3223640292662,324.21569396787936,3203.54785598663,0.6430029823050691,64.57566578280371,1.8809443196087001,164.2103231674204,1.0701994298723312,173.06278429791396,1803.4985207301827,1976.5613050280967,57.572797956982065,1.9765613050280968,0.057572797956982065
21,2022,regenerativo,29.75134625260658,1100,29.40084015236524,874.7145754905567,1200,35281.00818283829,8734.144637160207,297.0712602734096,26546.863545678083,0.7524406164388253,20.183296523637367,1.2339796106612333,32.140417332177705,7.835396881377132,375.47461438559105,375.8219029269143,3755.1219657588376,0.4697718010832796,62.22305853262613,2.1163700836494774,154.8507870497634,2.256210209967773,166.75779686743806,1700.704072626544,1867.4618694939822,63.51729609821196,1.8674618694939822,0.06351729609821195
21,2023,regenerativo,11.701591020571907,950,34.24148907849134,400.6799011318853,1800,61634.68034128442,9668.014899167001,282.3479690677333,51966.66544211742,0.8431400171845926,19.094116521912404,0.8502829394161313,33.027019638468694,6.706009193873298,310.409436170396,517.2620279559162,3104.611623731916,0.6617540593499003,53.083795874059504,1.5502770849823784,134.72328797709588,2.8711332674053915,142.26457294247948,1479.6466256684473,1621.9111986109267,47.366841871071664,1.6219111986109267,0.047366841871071666
21,2024,convencional,10.921763974362051,1200,32.80525515243862,358.29125389365913,1500,49207.882728657925,11179.02203806827,340.7692452359196,38028.86069058966,0.7728205031760537,11.37403017774068,3.8070707149489165,15.866084631754742,2.5040426232345903,464.52286370273566,649.5437298706292,4645.878180757228,0.4236691606118486,76.94953014595052,2.3456464456192587,183.37749496457351,3.3821412553386727,206.2247407911474,2014.0088304109158,2220.233571202063,67.67920447151344,2.220233571202063,0.06767920447151345
22,2022,regenerativo,17.783559971523445,1100,33.015162946871996,587.1271302353168,1200,39618.19553624639,7071.884547593484,214.2011099255685,32546.31098865291,0.8214990750620262,22.98295178966775,1.43895738159986,21.409729097613035,7.023980493486609,329.99278615555306,368.29830489803754,3300.296159860429,0.6002218227881989,61.059006317731104,1.849423139785415,159.78963347180505,2.7250133545439157,163.63813693151937,1754.9467173303387,1918.584854261858,58.112233380439314,1.918584854261858,0.05811223338043931
22,2023,regenerativo,15.630337611730836,950,28.224693083201174,441.1614818779185,1800,50804.44754976212,8299.076118342613,294.03600931561846,42505.3714314195,0.836646661491323,17.68677359384946,2.96100545175888,27.885352734540287,5.600877500469062,308.32684293217335,542.2255828797547,3083.8106549046133,0.5491522581967512,59.00434659478442,2.090522168685786,132.8943842716601,0.8483901851820603,158.13164887402226,1459.560037543604,1617.6916864176262,57.314766245605234,1.6176916864176263,0.057314766245605234
22,2024,regenerativo,10.418495002269392,1200,28.957145555201617,301.68987624685536,1500,43435.718332802426,8581.99781603389,296.36891521900344,34853.72051676853,0.8024207231873309,15.236385860463365,1.9861908379654327,27.45150288288754,8.457249320752105,328.3943000886532,386.8170985669301,3284.329817985099,0.5290055596115468,58.212821082663424,2.0103093715397846,147.3348706357035,1.0798677402899386,156.01036050153797,1618.1578363532692,1774.168196854807,61.268752939500644,1.774168196854807,0.06126875293950065
23,2022,convencional,18.566115867689415,1100,27.865412521282845,517.3524775711007,1200,33438.495025539414,9245.780951638,331.8013305769769,24192.714073901414,0.7234988911858526,12.954166302845053,4.0889730402192175,17.69993553098611,2.6474630824905296,306.1000499878099,450.8242050607539,3061.4513240831593,0.546121618241857,61.493927549968575,2.2068192065343077,191.13002803298292,4.440762565645052,164.8037258339158,2099.153793596532,2263.957519430448,81.24615121707954,2.263957519430448,0.08124615121707954
23,2023,convencional,27.857470164012476,950,26.17751082890141,729.2392268842345,1800,47119.51949202254,10722.558170637534,409.6095400636504,36396.96132138501,0.7724391444090832,12.882582377571268,2.043983314633922,11.368856300688073,4.700055925544316,354.8110441374412,482.56850870424125,3548.5930098831163,0.4426122255664982,82.16712010063173,3.138843896873293,182.57101941759322,6.318967214828806,220.20788186969307,2005.1514246892236,2225.3593065589166,85.01034804661403,2.2253593065589166,0.08501034804661403
23,2024,regenerativo,15.107969202607304,1200,32.281996149256145,487.71540362164944,1500,48422.99422388422,8462.153469047575,262.1322866752948,39960.840754836645,0.8252451422164702,22.175977656581765,1.9459672925160227,24.112409998397087,5.277967791461453,338.4872302648739,503.5185859950594,3385.3758212347343,0.5721432039556907,69.73767981106565,2.160265415082536,126.41971447270626,0.7602741234604158,186.89698189365595,1388.4496640945224,1575.3466459881784,48.79954259038217,1.5753466459881784,0.04879954259038217
24,2022,convencional,6.2920430292151925,1100,30.313546315681478,190.73413778637553,1200,36376.25557881777,8156.912762684532,269.08474111670944,28219.342816133238,0.7757627157360755,12.703175608050532,5.180744779074814,12.708322512620743,3.3169142621169083,427.4859802996413,529.1825891764984,4275.38898558559,0.42541457281968703,89.04365334890646,2.937421191886195,198.79260397312675,5.065201393204781,238.63699097506932,2183.3107704934264,2421.9477614684956,79.89654975523598,2.4219477614684957,0.07989654975523598
24,2023,regenerativo,20.012921510841334,950,34.650366745462556,693.4550699988088,1800,62370.6601418326,9026.934640826055,260.5148368886493,53343.72550100655,0.8552695350618615,16.753712786234495,0.9157084218901985,31.070504246395558,5.289795337737942,382.88238918499195,266.43808837126926,3829.090329938291,0.5429545467947366,52.56311574676219,1.516956981520125,139.1569264124749,1.7972942632070938,140.8691502013227,1528.3406432272955,1669.2097934286182,48.17293293575891,1.6692097934286183,0.04817293293575891
24,2024,regenerativo,9.796683117968573,1200,31.233715621155206,305.9868145372025,1500,46850.57343173281,9796.070590951378,313.63769555218425,37054.50284078143,0.7909082029652105,17.26656402226988,1.0842802047760824,28.100178719067657,8.080276806465104,270.99926116638744,530.1247777378265,2710.5227364416123,0.691388016073069,42.0827152823828,1.347348992762147,145.95298954541352,0.6690314089805373,112.78167695678592,1602.9808337501986,1715.7625107069846,54.933025949204236,1.7157625107069845,0.05493302594920423
25,2022,convencional,29.066210366948127,1100,33.35980120512206,969.6429996276474,1200,40031.76144614648,9909.730561326389,297.05604360150835,30122.030884820088,0.7524532969987431,13.479871030468491,4.858383690800249,16.601973767177313,2.8398016908378283,381.79058888285397,619.6906658824482,3818.5255794944223,0.5241782543125811,66.93177280283383,2.006360061658795,157.8218521335543,4.000971592658381,179.37715111159469,1733.3348560039506,1912.7120071155452,57.33583348877593,1.9127120071155452,0.05733583348877593
25,2023,convencional,14.732390351049414,950,27.886937367707,410.84124699632594,1800,50196.4872618726,8868.602897134828,318.01996684672326,41327.88436473777,0.8233222406407094,11.778363582324745,5.747318957299032,17.325720972102502,2.64482113577227,443.8091810368491,665.4684661450592,4438.757278834637,0.37695601199931134,71.88486862492701,2.577725466123415,178.32023201484486,4.904201608796399,192.6514479148044,1958.4656339001817,2151.1170818149862,77.13708584959114,2.151117081814986,0.07713708584959114
25,2024,regenerativo,13.10834382788439,1200,31.33001913058198,410.68466289786414,1500,46995.02869587297,8673.714943964076,276.8499727948604,38321.31375190889,0.815433351470093,21.694869551981903,0.650355856501963,28.434452238168646,8.35168849576883,398.8278722442335,412.8219642993014,3988.6915444066344,0.47128265670755487,59.85517569548136,1.9104736401854057,147.88917086850125,2.326626275598115,160.41187086389004,1624.2456366243393,1784.6575074882294,56.96317962813443,1.7846575074882294,0.05696317962813443
26,2022,regenerativo,18.858851312785017,1100,34.11720746234352,643.4113427397759,1200,40940.648954812226,8407.315718760048,246.42449790298713,32533.333236052178,0.7946462517475107,19.1960006242779,0.6150066050543819,20.61093203478455,7.994112044038525,249.5461979002315,290.62542417742065,2495.752604426493,0.820206475637839,50.679180359537845,1.48544339144622,157.89230552321845,0.5359837215743897,135.82020336356143,1734.108635517862,1869.9288388814234,54.80896526907532,1.8699288388814235,0.054808965269075326
26,2023,convencional,19.87694826750637,950,25.514258134842503,507.14558903006804,1800,45925.6646427165,9756.620144928243,382.39873929959634,36169.04449778826,0.7875562559446686,12.481831236006181,4.912755024814413,14.954913162061985,4.065207189283209,419.36856978337784,430.0551126943235,4194.115752946473,0.3650007720972139,73.36975563267843,2.8756374277049437,188.5456101872911,3.426393012535087,196.63094509557823,2070.7695015998484,2267.4004466954266,88.86797471093404,2.2674004466954267,0.08886797471093404
26,2024,regenerativo,10.023342216476411,1200,33.35827684473081,334.36142456669785,1500,50037.415267096214,8619.701791459785,258.3976933695042,41417.713475636425,0.8277348710869971,15.966764496467196,2.8179445486986316,23.519631227831802,6.3976057053325786,290.074187251637,528.4074862764053,2901.2702800026464,0.6898690633821344,62.68489986685738,1.8791408248882295,137.3785762119491,2.162279311218045,167.99553164317777,1508.8092770249496,1676.8048086681274,50.26652954746346,1.6768048086681273,0.05026652954746346
27,2022,convencional,7.445854016275037,1100,29.916158751168325,222.75135078890827,1200,35899.39050140199,9006.272517160176,301.05043204480427,26893.117984241813,0.7491246399626631,12.367358853902829,2.181216039088178,13.746126146264713,3.8775797471427094,334.64037398200304,654.0374603470575,3347.057777280377,0.5362828025420543,77.35406596951893,2.585695129275178,169.92523671986868,5.463400392208866,207.30889679831074,1866.2645998605005,2073.573496658811,69.31282568414072,2.073573496658811,0.06931282568414072
27,2023,convencional,25.477557941854993,950,32.99415878968979,840.6105923070859,1800,59389.48582144162,9207.292443444963,279.05825701251433,50182.193377996664,0.8449676349930476,13.473482354272134,2.5472745236758456,19.502373538208026,3.338017318873867,354.4290274459925,766.9254301848971,3545.05719989011,0.5584252709498603,83.60922667476348,2.5340614745689525,168.04869484700134,3.3663282933065366,224.07272748836613,1845.6548085482088,2069.7275360365747,62.73011987453171,2.0697275360365746,0.06273011987453171
27,2024,regenerativo,28.175024198107383,1200,33.3995713028056,941.0337296629607,1500,50099.35695420839,8345.338498038438,249.86364113414297,41754.01845616996,0.8334242392439047,23.420332943764212,2.565169075631321,31.73042131505579,7.4806064421004175,304.19159545440846,294.6997192723322,3042.2106542633574,0.6587230490958816,58.70757064008279,1.7577342567612926,124.45622160580083,2.38817605124202,157.33628931542188,1366.884902436281,1524.221191751703,45.63595077113061,1.524221191751703,0.04563595077113061
28,2022,regenerativo,21.467340790473624,1100,29.629344270814297,636.0632308598377,1200,35555.213124977156,8091.23357863187,273.0817632910612,27463.979546345287,0.7724318639241157,15.705687474004298,1.4704248155163047,29.649323276635297,6.603885116720308,328.4838556412631,451.41596225655763,3285.289972374888,0.5411274716075491,40.79533931624866,1.3768559622304286,149.28877906367316,2.850575603562394,109.3315093675464,1639.6173334878845,1748.948842855431,59.027591932845866,1.748948842855431,0.05902759193284587
28,2023,regenerativo,26.823645896910207,950,35.32224886409561,947.4714958130395,1800,63580.0479553721,7786.738985010713,220.44856246188172,55793.30897036139,0.8775285764100657,23.0656114786145,1.0530236045490056,34.81502011994971,8.304207688903146,331.7566733421435,421.29873727509914,3317.9880321587098,0.6387409813732451,60.768296935535574,1.7203971686328663,162.45978257826596,1.124170022147965,162.85903578723534,1784.2725835167266,1947.131619303962,55.1247919348415,1.947131619303962,0.055124791934841495
28,2024,convencional,11.577814247771071,1200,28.601364074715192,331.14128048992524,1500,42902.04611207279,10612.833819657759,371.0604078859284,32289.21229241503,0.7526263947427144,10.438213733819193,4.40237733344247,15.156794276964977,4.758175919643252,487.39156460621257,578.8810162019342,4874.494527078327,0.35205329187465434,82.15208962849505,2.872313691538962,165.27621553290118,4.587926068297134,220.16760020436675,1815.2050643099203,2035.372664514287,71.16348224501789,2.035372664514287,0.0711634822450179
29,2022,regenerativo,14.652565945019356,1100,37.61190563823914,551.1109276821444,1200,45134.28676588697,8689.750621938909,231.03723341005735,36444.53614394806,0.8074689721582855,24.053506419560637,2.207516933540892,21.067829726903433,6.116414706028165,239.15822695785928,283.05503626457494,2391.8653246148574,0.9434955702021931,42.080839026254964,1.1188169892533273,125.03890006887133,0.5455545641288744,112.77664859036331,1373.2843767564038,1486.061025346767,39.510389067761665,1.4860610253467672,0.039510389067761664
29,2023,regenerativo,28.131207935391647,950,29.805753451273336,838.4718480087874,1800,53650.356212292005,9596.49383217649,321.9678324141313,44053.86238011552,0.8211289819921493,20.679452305526294,2.9276456129134196,34.16399733670151,6.659749758301123,383.09765951760835,573.5386683817856,3831.5501338444656,0.4667419568074467,41.01837935757396,1.376189983743612,154.871013362342,1.2433725184313769,109.92925667829823,1700.9262153281218,1810.85547200642,60.75523220598399,1.81085547200642,0.060755232205983986
29,2024,regenerativo,26.285623943627392,1200,30.085105143573358,790.8057601084595,1500,45127.65771536004,8450.969508000955,280.9021097872484,36676.68820735908,0.812731926808501,24.30595214643916,2.514813500294053,31.85045654460592,6.066376986843142,223.27327957709522,553.8198415376075,2233.2866156124896,0.8082734638694561,64.52349125473575,2.144698878292568,139.031164673829,2.6949358011126736,172.9229565626918,1526.9594200177105,1699.8823765804023,56.502457560582044,1.6998823765804023,0.056502457560582045
30,2022,convencional,25.361712064723395,1100,27.818547747733998,705.5259980367891,1200,33382.2572972808,9613.669478534528,345.5848797612961,23768.58781874627,0.7120126001989199,10.590824138108282,3.128138290285226,11.774395437797228,4.251844254922575,439.34743307283014,721.3923721539395,4394.195723100455,0.3798449067913497,85.15771387119536,3.061184740606454,193.87360067635265,5.9402841752155435,228.22267317480356,2129.286059999713,2357.5087331745167,84.74593118781878,2.357508733174517,0.08474593118781878
30,2023,regenerativo,12.97751183108139,950,36.28915474150678,470.94293499784754,1800,65320.4785347122,8393.638743227344,231.29882200388855,56926.83979148486,0.8715006544422842,15.370076347154926,1.3496874094201654,30.87150157293142,5.228747192796298,319.25397569641063,493.7010715573489,3193.0334580356634,0.6819061914339914,46.90026511863109,1.2924044512116328,126.02834428886393,0.6923830040730229,125.69271051793133,1384.1513012754083,1509.8440117933396,41.60592944498681,1.5098440117933396,0.04160592944498681
30,2024,convencional,9.338112874662716,1200,31.949510889024616,298.3481389719774,1500,47924.26633353692,11244.951130131069,351.96003998903046,36679.31520340585,0.7653599733406463,11.730498632688928,5.691028762053577,14.870619188189359,3.8187588132529324,495.122040171983,744.805792909049,4951.965207512739,0.387113110252309,85.63888309381328,2.680444260673555,191.12402818171805,3.5300986909673937,229.5122066914196,2099.0878980872117,2328.6001047786312,72.88374813833404,2.3286001047786313,0.07288374813833404
31,2022,regenerativo,15.315441922785663,1100,31.720180857927833,485.8085877098512,1200,38064.2170295134,8010.504744895714,252.53654072068906,30053.712284617686,0.7895528827327591,22.764129607419967,2.386357185211706,21.54685803253899,8.158935173378483,268.1607080506036,512.8048737270241,2682.119885379763,0.7095920140818734,67.92271976810694,2.1413093472678293,162.9206375921506,1.5724850684375458,182.0328889785266,1789.3340882977911,1971.3669772763178,62.14866762916371,1.9713669772763178,0.06214866762916371
31,2023,regenerativo,24.76807912097409,950,31.1875250293207,772.4550875135749,1800,56137.54505277726,9765.948936728371,313.13638794829,46371.596116048895,0.8260353400287278,21.258913764370092,0.5531735271259679,33.12052509026299,6.851279969095242,377.1955496472374,554.5346058653254,3772.510031078239,0.4960229360144102,58.47589564546914,1.874977113140382,131.6479737376817,0.5610019538913451,156.7154003298573,1445.8708887075668,1602.5862890374242,51.385491074741125,1.6025862890374243,0.05138549107474113
31,2024,convencional,17.56415191158606,1200,28.98663027772313,509.12557760290906,1500,43479.94541658469,10175.886074081212,351.05446809737,33304.059342503475,0.7659636879350866,10.731869960811245,4.198118143580068,19.6582216115322,3.297493634990396,373.5068844583063,785.2460446356695,3735.8540906276985,0.4655422226008746,62.726892375419744,2.1639939439123683,151.29059534747435,3.540665156619291,168.10807156612492,1661.6029957591181,1829.711067325243,63.122586164540024,1.829711067325243,0.06312258616454003
32,2022,regenerativo,13.001240025765293,1100,36.95523228496201,480.46384514470185,1200,44346.27874195441,7896.89104395664,213.6880370028165,36449.38769799777,0.8219266358309862,18.892016787341632,2.8765178673438903,28.601568321849292,7.2114302425942975,202.16753029605968,582.5216884677817,2022.2578246490646,1.0964546212016786,67.16145929257792,1.817373485158895,124.56433383930668,1.2982840939760372,179.99271090410883,1368.0722836522712,1548.06499455638,41.8902790982138,1.54806499455638,0.0418902790982138
32,2023,regenerativo,29.948352763333435,950,31.5071181545171,943.5862890475053,1800,56712.81267813078,9322.681063495564,295.89126551578926,47390.13161463522,0.8356159636023394,22.67188288931127,2.4206835346612956,26.266501732510008,6.4747495079697455,280.3861827218484,594.4292142197532,2804.456256432704,0.6740797204216934,54.396268609117264,1.7264755330001071,151.3752731609185,2.684192785465847,145.78199987243428,1662.5330000873448,1808.314999959779,57.39385592460239,1.808314999959779,0.05739385592460239
32,2024,regenerativo,15.987792215822752,1200,29.05664684261744,464.55163220830985,1500,43584.97026392616,10607.88450852065,365.07600364134396,32977.08575540551,0.7566159975724374,21.408263146902062,2.4519039651710997,26.8970063565398,5.203573284269165,243.20763650191992,271.4723694887339,2432.3478373886883,0.7167555494154646,58.58763864693489,2.016324834874074,152.51005461990766,0.8800621328216203,157.0148715737855,1674.9961427397857,1832.0110143135712,63.04963625832273,1.8320110143135713,0.06304963625832273
33,2022,convencional,13.2166136342479,1100,31.725184560770384,419.2995068149088,1200,38070.22147292446,8701.830025104158,274.2877668193099,29368.3914478203,0.7714268609839083,13.761872647188401,4.198115529294942,14.41530501373377,4.663112548274899,458.3158087451697,423.02350400665773,4583.581110955704,0.4152890562133697,91.58472571178216,2.8868145916172474,154.56030515243452,4.977681218810326,245.4470649075762,1697.513751445595,1942.9608163531711,61.24348347387487,1.942960816353171,0.061243483473874864
33,2023,convencional,7.761852828284867,950,28.546221576407767,221.5715706796871,1800,51383.19883753398,9280.158553303141,325.0923604184729,42103.04028423084,0.8193931331008484,11.43619495827041,3.7110925349434494,13.843266471596817,4.03894184807921,359.26162409119803,795.0889558944126,3593.4113298678744,0.476642704481995,69.3443100419964,2.42919399530292,152.1046594818181,3.0714957389336552,185.84275091255034,1670.5437458517392,1856.3864967642896,65.03090056228365,1.8563864967642896,0.06503090056228365
33,2024,convencional,22.37588072146383,1200,34.836789252634134,779.5038410357145,1500,52255.183878951204,11360.969836034203,326.1198887660165,40894.214042917,0.7825867408226557,11.195900521079627,2.2491671925202508,15.094221281497898,4.99009056155893,328.44987373743925,676.8645366776527,3285.1756019110703,0.6362543767651632,64.85539757689716,1.8616927382879642,165.16375737837978,3.4041832440425868,173.8124655060844,1813.9699524642624,1987.7824179703468,57.059862881021495,1.987782417970347,0.057059862881021495
34,2022,convencional,8.574792051320896,1100,32.61510631717472,279.66775440149576,1200,39138.12758060967,9973.279157002351,305.7871116535512,29164.848423607316,0.7451774069553739,13.091090316581305,4.824968908625985,10.813487806418998,2.2545131422555755,320.22453522455805,728.7440237161425,3202.9740962692963,0.6109654090895753,63.364272244599896,1.9427890753565638,185.048456572956,3.291052025456774,169.81624961552774,2032.3607630469796,2202.1770126625074,67.52015434954653,2.2021770126625073,0.06752015434954653
34,2023,regenerativo,24.6586253603888,950,28.894110023122597,712.4890341820351,1800,52009.398041620676,9129.222627783212,315.9544495565887,42880.17541383747,0.8244697502463397,19.175807757849284,2.9779215653424416,23.475075520751652,8.29956120947294,375.823661512433,308.4618811322263,3758.545077005462,0.46125470517666384,68.3419606687423,2.3652557775287577,143.3700755624935,2.0335284730267693,183.15645459222938,1574.6130584635,1757.7695130557295,60.83487297754003,1.7577695130557294,0.06083487297754003
34,2024,regenerativo,12.656340519665292,1200,34.238958362916385,433.3399160797115,1500,51358.43754437458,9991.329938124909,291.8117377351743,41367.10760624967,0.8054588415098838,20.270414639116517,1.419398377193224,26.211946287933905,7.89638263448406,285.2166767780743,318.1178791372678,2852.4848856598805,0.7201922478547129,43.921311302205986,1.2827876022588465,164.33021076202334,1.6244616220533064,117.70911428991205,1804.8152290549076,1922.5243433448197,56.150199517374105,1.9225243433448198,0.05615019951737411
35,2022,convencional,14.266053676672273,1100,33.127995672575025,472.6057644655221,1200,39753.594807090034,8222.394964612302,248.2007980766311,31531.199842477734,0.7931660016028075,14.736242886919293,4.23361699894322,14.242220092469763,4.719063155284208,497.2002127645742,710.8587663709748,4972.7129864121125,0.39971736671426966,90.13512741035767,2.7208143921902264,168.81297927654578,3.334002866794675,241.56214145975858,1854.0488352544055,2095.6109767141643,63.2580068358622,2.0956109767141644,0.06325800683586219
35,2023,regenerativo,17.817212775412713,950,30.306698117177586,539.980888873953,1800,54552.05661091965,9888.797209822158,326.2908143799825,44663.25940109749,0.8187273253444541,16.765280320055084,2.9227565753520284,33.25678827445138,8.247132991183246,244.09724181403507,270.24493679718876,2441.242663077148,0.7448673229143834,45.593147864327634,1.504391791149489,158.97922367833766,1.3753131479168252,122.18963627639806,1746.0461023415141,1868.2357386179121,61.64431807762693,1.8682357386179123,0.06164431807762693
35,2024,regenerativo,5.27578161071618,1200,32.16153998179762,169.67726120828107,1500,48242.30997269643,10563.062061587725,328.43769507200443,37679.2479111087,0.7810415366186637,19.813441516353237,1.0380046800430938,20.1818116196584,5.844205101598395,203.83845536461135,437.3585460084071,2038.821912192122,0.946474229734499,47.79439626235103,1.4860730017717154,158.01449115610674,0.8427742643224976,128.08898198310075,1735.4505828687836,1863.5395648518843,57.943107385609856,1.8635395648518842,0.05794310738560986
36,2022,convencional,5.283841119185476,1100,29.686606419941263,156.8593116907612,1200,35623.92770392952,9737.19825637892,327.99970864430605,25886.7294475506,0.7266669094630783,10.281516378409187,5.848690193898168,13.74870579523704,2.857136258845582,323.7635832536144,633.3475060388639,3238.269180042183,0.550045807239926,64.7010498710842,2.179469386154654,182.46051510580318,5.984179517061693,173.39881365450566,2003.9377716191639,2177.3365852736697,73.34407154773663,2.17733658527367,0.07334407154773663
36,2023,convencional,14.906050472566468,950,32.58238475704091,485.6746717050322,1800,58648.29256267364,10730.413897786839,329.33175327100764,47917.8786648868,0.8170379148494401,13.480103090268962,4.371759739366812,15.800862078378112,2.2744605121932646,330.779181267971,614.7897691573654,3308.4066024488675,0.5909016999226803,92.6333249996247,2.8430492639003977,161.22202859183304,3.8952704592904923,248.25731099899423,1770.6785083057318,2018.935819304726,61.96402854976546,2.018935819304726,0.06196402854976546
36,2024,regenerativo,28.989416108025836,1200,32.878540439263624,953.1296898183678,1500,49317.81065889543,9383.402785310289,285.39596526932837,39934.40787358514,0.8097360231537811,16.097361986775034,0.8751216617349606,24.8701389033509,7.580749770857299,309.5918977947386,420.88439795762235,3096.3398623453436,0.6371110776132866,53.631320036798826,1.6311952817939628,162.2178541369808,0.7452064519606114,143.73193769862087,1781.6155180072976,1925.3474557059185,58.559395580914064,1.9253474557059185,0.05855939558091407
37,2022,convencional,29.080563486015283,1100,25.121544746898163,730.5486768789458,1200,30145.853696277794,9258.797276270525,368.5600296300942,20887.05642000727,0.6928666419749214,14.849394133538194,4.215417137605283,19.69302535619099,3.5692935325104465,308.63198239011524,429.5186258941595,3086.7493425270463,0.48831068465698807,95.64572454792284,3.807318598898363,176.385055454315,6.971859184477202,256.3305417884332,1937.2118661896766,2193.5424079781096,87.31717854448235,2.19354240797811,0.08731717854448234
37,2023,convencional,8.237873032070105,950,33.88748079868977,279.16076419632,1800,60997.46543764159,10391.524250114888,306.64788308833704,50605.9411875267,0.8296400649509238,14.778257491148768,3.633812852282795,13.72688517012314,2.7792613512809785,472.42552345309014,434.79470396456406,4724.6900292348655,0.4303454481331675,92.38064298899512,2.7260994565452306,182.7620990319511,5.203429482436557,247.58012321050694,2007.2500247966284,2254.8301480071354,66.53873627851134,2.2548301480071355,0.06653873627851134
37,2024,convencional,14.861906964250883,1200,29.594467684059865,439.830225377027,1500,44391.7015260898,9530.686183551086,322.0428319676955,34861.01534253871,0.785304778688203,13.925082719185284,3.7504124962215677,12.54670622046051,4.522614738277768,478.4169377880469,675.2538824346168,4784.844631762904,0.37110255351998206,98.21338746015712,3.3186401089774185,189.34516931276477,4.261627582992051,263.2118783932211,2079.5509452521933,2342.7628236454143,79.16218830681217,2.342762823645414,0.07916218830681217
38,2022,regenerativo,16.36352661919433,1100,34.275580800840636,560.8693788229019,1200,41130.69696100876,7376.242319447522,215.20400667482238,33754.45464156124,0.8206633277709814,20.843143119231,1.6391418819642825,29.30198896702305,5.970834140433965,380.23160209819775,561.5923243618207,3802.8776133063393,0.5407838634760647,41.363391410243736,1.2067889279714048,134.0481594796115,2.876028710191397,110.85388897945322,1472.2317858275046,1583.0856748069577,46.18698320549338,1.5830856748069577,0.04618698320549337
38,2023,convencional,7.026155397691198,950,27.201832019498113,191.12429887088592,1800,48963.297635096606,10044.610320790742,369.2622729818648,38918.68731430586,0.7948542927878529,13.41629381829798,5.298723863700596,13.47809207902193,4.034048457677191,315.22617189806004,636.963113863807,3152.898682094464,0.5176537801353259,94.04827656195076,3.457424356364583,174.75732635069872,4.922346309306592,252.04938118602806,1919.3347499773881,2171.384131163416,79.82492243930412,2.171384131163416,0.07982492243930411
38,2024,regenerativo,16.53693661561835,1200,34.372014768082806,568.4078295708833,1500,51558.02215212421,9865.337558931713,287.0165634890997,41692.6845931925,0.8086556243406001,21.593539222057828,0.8754225020426041,31.061506530822285,6.79277672284436,379.0235481413073,431.44280768082143,3790.666924220754,0.5440522544746974,59.10009046501622,1.7194246791693872,150.6966792380031,0.6666301014017249,158.38824244624348,1655.080099973954,1813.4683424201976,52.760024533218505,1.8134683424201976,0.05276002453321851
39,2022,convencional,13.83380570065132,1100,30.83656111850872,426.5869949897088,1200,37003.87334221046,9821.854368987684,318.51328464419504,27182.01897322278,0.7345722627965042,10.388673184824924,5.255180078827795,16.847311725538795,2.4878508180346737,494.87896153323334,523.8110465145311,4949.313426378848,0.3738283490492564,99.44842977918412,3.2250168686771366,184.90808570098727,5.144385465376482,266.5217918082135,2030.8190898131286,2297.3408816213423,74.50055383258778,2.2973408816213423,0.07450055383258779
39,2023,convencional,26.96574965887895,950,32.97426021606928,889.1756461732559,1800,59353.66838892471,9148.931231644763,277.4567548049564,50204.737157279946,0.845857358441691,13.292259173292127,4.720563087041201,16.186113782151843,4.258149918672924,470.11634581884834,678.9885846677134,4701.842446773151,0.42078305161457724,94.6917680383921,2.871687413695066,185.41814883575174,6.348053313454688,253.77393834289083,2036.4210403560846,2290.1949786989753,69.45402152139562,2.2901949786989753,0.06945402152139561
39,2024,convencional,7.11980040114508,1200,32.16323388062682,228.99580548540987,1500,48244.85082094023,11000.834642126178,342.03136049551324,37244.016178814054,0.7719790930029913,10.360421679993367,3.186142325150621,13.497032297458496,4.3239605935435454,314.2513455530517,541.3005634008257,3143.0547560939176,0.6139867684761217,60.4843390093955,1.8805428345259645,197.825069914974,5.950033437836028,162.09802854517994,2172.6844821518857,2334.782510697066,72.59165913982913,2.3347825106970657,0.07259165913982914
40,2022,regenerativo,28.7449978322981,1100,35.2571950838836,1013.4679962591454,1200,42308.634100660325,7300.833782207056,207.07358497569015,35007.80031845327,0.8274386791869249,21.1341519593579,1.441158417195124,32.158299961727494,8.455466452602305,283.6486072581238,259.2284410740382,2836.7453010223117,0.7457249349353474,67.9818545006204,1.9281696782423725,163.3031944750204,0.6130466752654735,182.1913700616627,1793.5356558913668,1975.7270259530294,56.0375554905147,1.9757270259530293,0.0560375554905147
40,2023,regenerativo,26.7960881936308,950,28.29247283034559,758.1275971778438,1800,50926.45109462206,8331.483892984808,294.4770484695395,42594.96720163725,0.8364016397391446,23.258167505647627,2.580335444894355,27.612016006412542,5.022350551008918,225.77397349468905,536.2884584416718,2258.2760234053317,0.751701010960097,50.053565627774255,1.769147784568637,157.1754128145804,0.9018997401207705,134.143555882435,1726.2351053121342,1860.3786611945693,65.75525131190327,1.8603786611945694,0.06575525131190327
40,2024,convencional,9.35273338335211,1200,25.983956497133974,243.02101736231387,1500,38975.934745700964,10341.377549580833,397.99087374247586,28634.55719612013,0.7346727508383495,13.301513598506691,3.181779109909681,17.692231478381338,3.8739907065627914,452.8745324443472,787.1440139380122,4529.532468457411,0.3441938877102228,70.60185713300017,2.7171326714924087,151.04724805154564,3.3286866699057094,189.21297711644047,1658.9303471718326,1848.143324288273,71.12632460311127,1.8481433242882732,0.07112632460311127
41,2022,regenerativo,14.522271415775538,1100,37.69914397814603,547.4772009930366,1200,45238.97277377524,8993.273674147811,238.5537899577019,36245.699099627425,0.8012051750352484,23.421189231357086,2.661805940637633,32.19351513695116,8.499011856501458,367.66574094222756,269.73142382782447,3676.9271408461036,0.6151736360400825,54.06079479384911,1.4340058974598424,140.74097511688325,1.1835176798267657,144.88293004751563,1545.7380238551405,1690.620953902656,44.84507539170382,1.690620953902656,0.04484507539170382
41,2023,regenerativo,29.529654450685587,950,34.318135270166685,1013.4026759199077,1800,61772.64348630003,9091.768164894687,264.92605420779694,52680.87532140534,0.8528188587734461,17.598035810641598,1.8531664466902757,34.444880057884916,6.196552581135402,326.80114061992225,516.3597658757099,3268.5277659650983,0.6299741852130218,56.19956139147567,1.6376053345861965,158.99226975755718,0.7674515970673961,150.6148245291548,1746.1893855658566,1896.8042100950113,55.27119102371317,1.8968042100950113,0.055271191023713175
41,2024,convencional,8.034660453985161,1200,31.150129680388666,250.28071507952825,1500,46725.194520583,10814.5174733691,347.1740754959889,35910.677047213896,0.7685506163360073,13.87316890318894,3.171288146803859,19.799703293588507,3.8056447689089663,428.7808507082261,719.4856766618298,4288.527992758923,0.43581568873494475,81.21208532996633,2.607118691422187,152.09756117158182,6.873955110377535,217.64838868430977,1670.4657861244584,1888.1141748087682,60.61336482966481,1.8881141748087682,0.06061336482966481
42,2022,regenerativo,24.224685379512763,1100,37.44765729882428,907.157716263833,1200,44937.18875858914,7716.325436065681,206.056292773966,37220.86332252346,0.8282864226883617,23.496473906774114,1.0716070137586569,30.075510266087853,7.163448841602635,249.46962034863952,462.16112205780803,2495.1583646084528,0.9004877084353082,53.516324059302804,1.4290967157772783,126.45797075757474,2.885127568146806,143.42374847893151,1388.8698274060494,1532.2935758849808,40.9182759727159,1.5322935758849807,0.0409182759727159
42,2023,regenerativo,7.562743199766981,950,37.37228487236451,282.6369932782291,1800,67270.11277025612,9617.380973535228,257.3399246629136,57652.731796720895,0.8570333751872703,21.878857223008133,1.3647076423823918,29.313732766512157,5.160097118343795,213.56741182103437,453.7596610616956,2136.1278778714054,1.04972043835517,49.02890700840449,1.3119055250662408,155.40860443226407,0.6683765036719292,131.39747078252404,1706.8305012503515,1838.2279720328756,49.18693032312243,1.8382279720328756,0.049186930323122435
42,2024,regenerativo,25.29424470225344,1200,34.56478607331503,874.2901570194721,1500,51847.17910997254,8828.034799924711,255.40545169872175,43019.14431004783,0.8297296988675189,16.280957463662,1.5985124742361305,29.19409373741788,8.300765432106477,267.6535011988997,401.2269090304686,2676.9362388980267,0.7747241545254835,67.8425092097815,1.9627637522732362,131.2307805921926,1.4304175595937834,181.81792468221443,1441.2889159896808,1623.1068406718953,46.958393933905434,1.6231068406718954,0.04695839393390543
43,2022,convencional,21.78932988981999,1100,30.203077009037933,658.1048086375652,1200,36243.69241084552,9510.274511347237,314.87766986460997,26733.417899498283,0.7376019417794917,13.861591958678197,3.613931464849588,11.340152284506408,2.0863480289400167,404.03270022239866,750.6614410633381,4041.07766366505,0.4484409287246209,94.08726001274161,3.1151547898443277,177.5953419387243,5.2437518861415455,252.15385683414752,1950.5042697498745,2202.6581265840223,72.92826906096029,2.2026581265840224,0.0729282690609603
43,2023,regenerativo,29.22194638214229,950,35.49651831742925,1037.277355024649,1800,63893.73297137265,8301.978665819666,233.88149202631197,55591.75430555298,0.8700658377631599,16.30086240130632,2.426018544519483,30.249430649097576,6.560659472318619,351.6526391858045,421.025116641633,3516.9474169746863,0.605579454718667,40.737607493764045,1.1476507957616044,121.10617757644987,1.309025547873853,109.17678808328765,1330.0918474396378,1439.2686355229255,40.54675511136612,1.4392686355229254,0.040546755111366115
43,2024,convencional,9.936762246498432,1200,33.869249002092694,336.5506748012494,1500,50803.87350313904,11427.116584820546,337.3891338457045,39376.7569183185,0.7750739107695304,13.229054063276031,3.0089640806934463,17.550419287462784,3.38161849182242,357.18135784783203,767.5706134558218,3572.5811490917763,0.5688198127122115,92.63787755874469,2.7351618440970107,193.0684998181718,6.386057354761112,248.2695118574358,2120.443752288721,2368.7132641461567,69.93698809205365,2.3687132641461566,0.06993698809205365
44,2022,regenerativo,22.60199420248059,1100,30.129641615089106,680.9899851070619,1200,36155.56993810693,8567.306025482287,284.3480893311299,27588.263912624643,0.7630432588907251,16.363714755867697,2.760396736234371,25.223832005349507,6.798963212059338,202.9089331335764,403.11622270830514,2029.4924475584723,0.8907539907724943,50.517626764197914,1.6766753288860357,149.49588434273164,1.4806101127493307,135.38723972805042,1641.8919411813154,1777.2791809093658,58.98773054171655,1.7772791809093658,0.05898773054171655
44,2023,regenerativo,15.654532555899324,950,32.51387024329676,508.9894402419754,1800,58524.96643793416,8032.327361917981,247.04310196888883,50492.63907601618,0.8627538322395062,16.63623821191669,2.136278035702838,24.09889290497314,8.328022467876437,358.96190974998586,488.17475572614956,3590.1072722555846,0.5433910651288536,60.81046677344466,1.870293087793253,131.03848063943803,0.7059526140396067,162.9720509528317,1439.1769130799994,1602.1489640328311,49.275861410658706,1.6021489640328312,0.049275861410658706
44,2024,regenerativo,24.411186162493117,1200,34.56161837681071,843.6901002733695,1500,51842.42756521607,8763.886824493185,253.57281389268965,43078.540740722885,0.8309514574048735,16.77428769469707,0.8293219336364048,30.889698649779433,7.862248654499307,309.00538377938767,307.685185505303,3090.3615229793822,0.6710208780393484,69.54009218573525,2.0120612243202567,166.86940332485594,0.6079343394925292,186.36744705777048,1832.7028182307033,2019.0702652884738,58.419436360745735,2.019070265288474,0.05841943636074574
45,2022,convencional,20.552167505696836,1100,33.62363708746745,691.0386215723915,1200,40348.36450496094,9266.801708633451,275.60378683980827,31081.56279632749,0.7703301776334931,14.747603118288211,5.920130301141908,14.926180939928695,2.9862548308625247,329.4146961858076,583.6543024953046,3294.730616160571,0.6123165928506146,97.06350500645978,2.886763997421275,174.60581465397692,4.032977553195833,260.1301934173122,1917.6707186568208,2177.800912074133,64.76993867168122,2.177800912074133,0.06476993867168122
45,2023,convencional,28.59039800418997,950,29.197273169261223,834.7616605462355,1800,52555.0917046702,10233.667015826948,350.50077986737864,42321.42468884325,0.8052773445181229,13.192629738320427,2.9198184235643447,12.131047040250833,2.093402248653534,379.51887959255885,757.6396814716538,3795.94643560706,0.46150187308307317,70.9686080939468,2.4306587701711226,199.1988823979914,4.637336025260172,190.19586969177743,2187.77286839394,2377.968738085717,81.44489125064027,2.377968738085717,0.08144489125064026
45,2024,regenerativo,26.01757570028,1200,35.32801544766251,919.1493162502205,1500,52992.02317149376,8637.769058492791,244.501961093439,44354.25411300097,0.836998692604374,20.422372054918483,2.6833072896520194,29.544370309688723,7.663925379651053,318.06953809175457,491.10985571753173,3181.1864907732634,0.6663177191930396,55.2508164074884,1.5639377334778677,134.87742256594103,1.9125549821475403,148.07218797206892,1481.3394638385066,1629.4116518105754,46.12236580977792,1.6294116518105755,0.04612236580977792
46,2022,convencional,6.896583202716598,1100,26.288797219106492,181.30287732091264,1200,31546.55666292779,8344.63974240326,317.42189164662284,23201.916920524527,0.7354817569611476,10.640229194788862,5.587153639624047,14.739616402628723,4.002673215563082,330.38053870245886,538.2669133295453,3304.343653937918,0.47734981537608084,65.5530869059764,2.4935749764288544,182.04373724016074,3.7275203375965793,175.68227290801676,1999.3603598605082,2175.042632768525,82.73648332559395,2.175042632768525,0.08273648332559395
46,2023,convencional,26.608956245990925,950,29.732099066915573,791.1401231730241,1800,53517.77832044803,8871.557594880755,298.38315737191226,44646.22072556728,0.8342315792378265,14.840967139573609,5.044095963771996,16.262203216314155,2.3937346330471625,337.10510314062424,737.9132912467551,3371.7889446974896,0.5290740236930769,94.74492671822443,3.1866208472193596,188.82984263958707,6.083687378576208,253.9164036048415,2073.891186018779,2327.8075896236205,78.2927429504596,2.3278075896236206,0.0782927429504596
46,2024,convencional,5.233290495677332,1200,27.46678864521623,143.74168396378818,1500,41200.182967824345,9883.738373692382,359.8432456505537,31316.444594131965,0.7601045028996309,13.632308575565023,4.220339797209145,17.330712960296747,3.847956350780537,498.36199026987265,481.6142538515595,4984.101516952577,0.33065283945512663,63.967123983488634,2.328889802508074,170.0747157930644,6.200283874796638,171.43189227574956,1867.9063071672558,2039.3381994430054,74.24742024940684,2.0393381994430055,0.07424742024940684
47,2022,convencional,6.021715406661972,1100,26.689350630721645,160.71567388681996,1200,32027.220756865972,8078.624279682198,302.69092685915837,23948.596477183775,0.7477575609507013,11.392951695159793,3.457079444192302,15.034172708548569,4.071184485888096,335.4020968553494,482.53348736231703,3354.503502040856,0.47737646923577276,63.548101350282224,2.3810283820518703,156.03179355503005,4.843115072130903,170.30891161875638,1713.6748983586729,1883.9838099774292,70.58934614200798,1.8839838099774293,0.07058934614200799
47,2023,regenerativo,20.41625786301845,950,35.96537290976176,734.2783274653143,1800,64737.67123757117,8291.785489757216,230.54913153720284,56445.885747813954,0.8719171491459984,19.815223515125503,1.7289863668535923,20.96313405612701,7.036899906700396,223.46163779247888,320.1836543451179,2234.936561579134,0.9655407726924417,43.755573766076516,1.2166028105939735,154.27826436144858,1.5757647372486567,117.26493769308507,1694.416137729738,1811.6810754228231,50.372926202333204,1.8116810754228232,0.050372926202333204
47,2024,convencional,24.59479461213493,1200,30.542265141320165,751.1807381401377,1500,45813.397711980244,10161.225948556907,332.6939210808546,35652.171763423336,0.7782040526127636,10.026148067714564,3.471763005208338,13.269316163380791,2.446664150997334,452.1981520056188,783.2293920477521,4522.764749448235,0.4051804615092514,61.41245419760956,2.010736725434473,187.28668913656162,3.8099222406609496,164.58537724959365,2056.942951545551,2221.5283287951443,72.7362007538096,2.221528328795144,0.0727362007538096
48,2022,regenerativo,20.697509737272696,1100,28.81759031948872,596.4523562423532,1200,34581.10838338646,7969.0459703820425,276.5340849818643,26612.06241300442,0.7695549291817798,23.73578624106777,0.9613025483909433,23.140239850050655,6.296652359769837,384.17448010636264,511.8908916342804,3842.256691955261,0.4500103865495346,41.83233879564591,1.4516251474140638,133.84388240736018,2.5155031994826533,112.11066797233104,1469.9882399254072,1582.0989078977382,54.900458031280934,1.582098907897738,0.054900458031280935
48,2023,regenerativo,12.759048973089344,950,32.552201490818014,415.33513300321897,1800,58593.962683472426,7787.161415766386,239.22073036943164,50806.80126770604,0.8670995942392047,15.116205399081007,2.2374547153163564,32.90183595783807,7.729478461126725,214.48937755891177,352.08190254825615,2145.2458574916664,0.9104467362695599,51.77480669220054,1.5905162883316706,143.99694173585618,2.000051370298259,138.75648193509747,1581.4978400932318,1720.2543220283294,52.84602095233285,1.7202543220283295,0.05284602095233285
48,2024,regenerativo,29.908358440681184,1200,31.683095305068484,947.5893708942514,1500,47524.64295760273,9098.963504641602,287.1866974179761,38425.67945296113,0.8085422017213493,19.486106309545427,2.239045366242017,20.04827395406418,7.168562681109442,344.4141876405474,394.41764429701834,3444.536294049771,0.5518843629512475,66.58587341395224,2.1016214726753737,149.6522167093392,1.4788142454445734,178.45014074939203,1643.608917230571,1822.059057979963,57.50887154287858,1.822059057979963,0.05750887154287858
49,2022,regenerativo,14.222840989244311,1100,32.625347161331476,464.02512489451084,1200,39150.41659359777,8065.234532910046,247.2076233557815,31085.182060687726,0.7939936472035154,22.474709381337565,1.8302837131632892,21.60758017009664,6.565943283882091,207.33664057811959,429.08710474048314,2073.7954928859367,0.9439314707718658,47.57310833032062,1.4581640494144894,155.66747929422763,2.7380170942179984,127.49593032525928,1709.6736868771743,1837.1696172024335,56.31111320034936,1.8371696172024334,0.05631111320034936
49,2023,convencional,7.623254460454372,950,27.420450158625275,209.03306897940692,1800,49356.8102855255,8993.306298118634,327.9780691452191,40363.50398740686,0.8177899615859894,14.933312966335732,2.0390833896767346,13.264613082439919,3.553134930154134,328.4991085803026,623.8594733947657,3285.614945276421,0.500736403053798,79.95552613805424,2.9159085892287484,180.90778671590596,5.809859882176416,214.28081004998538,1986.8843775312641,2201.1651875812495,80.27458246847414,2.2011651875812497,0.08027458246847413
49,2024,regenerativo,7.3247659955783035,1200,33.8820226694839,248.1778875108489,1500,50823.034004225854,8896.776899502585,262.58104441667626,41926.25710472327,0.8249459703888825,19.809728898861238,2.008719166491137,30.147019058395433,7.817461498882694,328.4651051810455,446.23103304565984,3285.0972828435006,0.6188314028890453,41.94560783448905,1.237990076438609,148.99918937140657,1.9037114698988093,112.41422899643067,1636.4368112676766,1748.8510402641073,51.61589841680919,1.7488510402641073,0.051615898416809185
50,2022,convencional,11.731080773734524,1100,28.772841631046226,337.5365292636747,1200,34527.40995725547,8996.884397858115,312.686682574667,25530.525559397356,0.7394277645211109,10.100355988888632,4.374369814216195,16.791023191444896,4.367513715822015,364.41583311663567,756.210912295958,3644.9145420786526,0.47363812729563876,68.45792027986178,2.3792547554981467,166.37486760889573,3.479048527277005,183.4672263500296,1827.2714031102719,2010.7386294603016,69.8832133177521,2.0107386294603016,0.06988321331775209
50,2023,convencional,5.830077719784164,950,25.785784971550207,150.33313044978019,1800,46414.41294879037,10354.246598271184,401.54862881603793,36060.16635051918,0.7769174284355344,11.98461638100798,2.669930329036279,11.045678403344002,3.90929074863091,326.54315080861204,480.06009769792405,3265.911568183818,0.4737259616473281,82.70163393046232,3.20725678980524,184.4732484568633,6.2023467964363315,221.64037893363903,2026.0433344805215,2247.6837134141606,87.16755048931259,2.2476837134141605,0.08716755048931259
50,2024,regenerativo,17.45639205658634,1200,28.770582791343312,502.23057290216497,1500,43155.87418701497,9284.285704170345,322.7006477937549,33871.58848284462,0.7848662348041633,15.585509292439792,1.6004974948887263,22.21178790059426,6.14867463763259,266.8476637392122,431.0441697545633,2668.9076815618764,0.6467945592147217,63.54690931334403,2.2087459880188614,155.3840467370458,2.471537411681016,170.305716959762,1706.5607875920114,1876.8665045517735,65.23560951697155,1.8768665045517734,0.06523560951697155
